{
  "progression": [
    {
      "__type": "ActionGroup",
      "serializedActions": [
        {
          "__type": "StartChallengeAction",
          "id": "T1.01",
          "problemType": "2UR_intro_baby_ram",
          "challengeType": "handfeeding",
          "objective": "Hand-feed 1 baby ram!"
        },
        {
          "__type": "CreateCreaturesAction",
          "data": {
            "baby_rammus": 1
          },
          "centered": true
        },
        {
          "__type": "ShowAssistantDialogueAction",
          "text": "There you are, Rancher! I’m your assistant, Snedley. We’re burning daylight, so best get started. Your *cargo* is in here."
        },
        {
          "__type": "ShowArrowAction",
          "direction": "down",
          "anchor": "bottomLeftAnchor",
          "xPosition": 60,
          "yPosition": -110
        },
        {
          "__type": "AnimateButtonAction",
          "button": "itemsButton"
        },
        {
          "__type": "WaitForCondition",
          "conditions": [
            {
              "__type": "SignalCondition",
              "signalName": "inventoryOpened"
            }
          ]
        },
        {
          "__type": "HideArrowAction"
        },
        {
          "__type": "ShowAssistantDialogueAction",
          "text": "Let’s see if we can attract some *creatures*. Try putting some food on the grass."
        },
        {
          "__type": "WaitForCondition",
          "conditions": [
            {
              "__type": "SignalCondition",
              "signalName": "foodDropped"
            }
          ]
        },
        {
          "__type": "HideAssistantDialogueAction"
        },
        {
          "__type": "WaitForCondition",
          "conditions": [
            {
              "__type": "SignalCondition",
              "signalName": "creatureEats"
            }
          ]
        },
        {
          "__type": "ShowAssistantDialogueAction",
          "text": "Hmm, it liked that broccoli, but it's not full yet. See how *much broccoli* it needs."
        },
        {
          "__type": "WaitForCondition",
          "conditions": [
            {
              "__type": "SignalCondition",
              "signalName": "creatureEats"
            }
          ]
        },
        {
          "__type": "HideAssistantDialogueAction"
        },                                
        {
          "__type": "WaitForCondition",
          "conditions": [
            {
              "__type": "FeedAnimalCondition",
              "acceptedType": "baby_rammus",
              "numRequired": 1
            }
          ]
        },
        {
          "__type": "ShowAssistantDialogueAction",
          "text": "Great! In Mixia you'll be *feeding* lots of creatures and *discovering* what food they like. Now open your notes."
        },
        {
          "__type": "ShowArrowAction",
          "direction": "left",
          "anchor": "topLeftAnchor",
          "xPosition": 110,
          "yPosition": 60
        },
        {
          "__type": "WaitForCondition",
          "conditions": [
            {
              "__type": "SignalCondition",
              "signalName": "journalOpened"
            }
          ]
        },
        {
          "__type": "HideArrowAction"
        },
        {
          "__type": "ShowAssistantDialogueAction",
          "text": "You've mastered the *baby ram*! You can open your *notes* any time to check what creatures eat."
        },
        {
          "__type": "WaitForCondition",
          "conditions": [
            {
              "__type": "SignalCondition",
              "signalName": "journalClosed"
            }
          ]
        },
        {
          "__type": "HideAssistantDialogueAction"
        },
        {
          "__type": "ClearWorldAction"
        },
        {
          "__type": "CompleteChallengeAction"
        }
      ]
    },
    {
      "__type": "DoBonusRoundAction",
      "data": [
        {
          "creatureType": "baby_rammus",
          "numCreatures": 2,
          "numFood": 3,
          "displayMode": "spritesOnly",
          "problemType": "C"
        },
        {
          "creatureType": "baby_rammus",
          "numCreatures": 1,
          "numFood": 3,
          "displayMode": "spritesOnly",
          "problemType": "E"
        },
        {
          "creatureType": "baby_rammus",
          "numCreatures": 1,
          "numFood": 4,
          "displayMode": "spritesOnly",
          "problemType": "F"
        }
      ]
    },
    { 
     "__type": "DoFeedingChallengeAction",
     "challengeId": "T2.01-REPLACE",
     "problemType": "3UR_intro_adult_rammus-REPLACE",
     "challengeData": {
        "creatureType": "baby_rammus",
        "numCreatures": 3      
    },
      "serializedTutorial": {
        "__type": "ActionGroup",
        "serializedActions": [
          {
            "__type": "WaitForCondition",
            "conditions": [
              {
                "__type": "SignalCondition",
                "signalName": "creatureFed"
              }
            ]
          },
          {
            "__type": "ShowAssistantDialogueAction",
            "text": "Hmm. Feeding creatures one by one this way is tedious. If only there were a better way..."
          },
          {
            "__type": "WaitForCondition",
            "conditions": [
              {
                "__type": "SignalCondition",
                "signalName": "creatureFed"
              }
            ] 
          },
          {
            "__type": "HideAssistantDialogueAction"            
          }
        ]
      }          
  }
  ],
  "reviewChallenges": [],
  "funChallenges": [],
  "backgroundOrders": [],
  "hideBackgroundOrders": true
}