{
  "progression": [
    {
      "__type": "DoPenChallengeAction",
      "challengeId": "T1.02a",
      "problemType": "2UR1MC",
      "reviewKey": "baby_ram_pen",
      "challengeData": {
        "creatureType": "baby_rammus",
        "numCreatures": 3,
        "bottomDraggable": true,
        "topDraggable": true,
        "maxHeight": 3
      },
      "serializedTutorial": {
        "__type": "ActionGroup",
        "serializedActions": [
          {
            "__type": "ShowAssistantDialogueAction",
            "text": "To *feed many rams* at once, *drag the sides* of this pen to make it bigger."
          },
          {
            "__type": "WaitForCondition",
            "conditions": [
              {
                "__type": "SignalCondition",
                "signalName": "penResized"
              }
            ]
          },
          {
            "__type": "ConditionalAction",
            "serializedCondition": {
              "__type": "GlobalVariableGreaterThanCondition",
              "variableName": "GLOBAL.penManager.pens[0].foodTypes.length",
              "number": 0
            },
            "serializedFalseAction": {
              "__type": "ActionGroup",
              "serializedActions": [
                {
                  "__type": "ShowAssistantDialogueAction",
                  "text": "Great! Now open your *inventory* and drag *broccoli* into the pen!"
                },
                {
                  "__type": "AnimateButtonAction",
                  "button": "itemsButton"
                },
                {
                  "__type": "WaitForCondition",
                  "conditions": [
                    {
                      "__type": "SignalCondition",
                      "signalName": "penFoodTypeSet"
                    }
                  ]
                }
              ]
            }
          },
          {
            "__type": "HideAssistantDialogueAction"
          },
          {
            "__type": "ConditionalAction",
            "serializedCondition": {
              "__type": "GlobalVariableGreaterThanCondition",
              "variableName": "GLOBAL.penManager.pens[0].canFeed",
              "number": 0
            },
            "serializedFalseAction": {
              "__type": "ActionGroup",
              "serializedActions": [
                {
                  "__type": "WaitForCondition",
                  "conditions": [
                    {
                      "__type": "SignalCondition",
                      "signalName": "penReady"
                    }
                  ]
                }
              ]
            }
          },
          {
            "__type": "ConditionalAction",
            "serializedCondition": {
              "__type": "GlobalVariableGreaterThanCondition",
              "variableName": "GLOBAL.penManager.pens[0].feeding",
              "number": 0
            },
            "serializedFalseAction": {
              "__type": "ActionGroup",
              "serializedActions": [
                {
                  "__type": "ShowAssistantDialogueAction",
                  "text": "Very nice. Now *click on the pen* to feed them."
                },
                {
                  "__type": "WaitForCondition",
                  "conditions": [
                    {
                      "__type": "SignalCondition",
                      "signalName": "penFeedingStarted"
                    }
                  ]
                }
              ]
            }
          },
          {
            "__type": "HideAssistantDialogueAction"
          },
          {
            "__type": "HideArrowAction"
          }
        ]
      }
    },
    {
      "__type": "DoOrderChallengeAction",
       "challengeId": "T1.03",
       "problemType": "2UR1MC",
       "challengeData": {
       "client": "Archibold Huxley III",
       "creatureType": "baby_rammus",
       "numCreatures": 4,
       "description": "Dear Friend! I have 4 BABY RAMMUSES. Please send me enough food for all of them!",
        "reward": 200
      },
      "serializedTutorial": {
        "__type": "ActionGroup",
        "serializedActions": [
          {
            "__type": "ShowAssistantDialogueAction",
            "text": "You've got *mail*! Click on the button to open it."
          },
          {
            "__type": "ShowArrowAction",
            "direction": "up",
            "anchor": "topLeftAnchor",
            "xPosition": 60,
            "yPosition": 200
          },
          {
            "__type": "WaitForCondition",
            "conditions": [
              {
                "__type": "SignalCondition",
                "signalName": "mailOpened"
              }
            ]
          },
          {
            "__type": "HideArrowAction"
          },
          {
            "__type": "ShowAssistantDialogueAction",
            "text": "This is an *order*! Your neighbor wants to feed some *baby rams*. Click the button to fill the order."
          },
          {
            "__type": "WaitForCondition",
            "conditions": [
              {
                "__type": "SignalCondition",
                "signalName": "orderStarted"
              }
            ]
          },
          {
            "__type": "HideAssistantDialogueAction"
          }
        ]
      }
    },
    {
      "__type": "DoOrderChallengeAction",
      "challengeId": "T1.05",
      "problemType": "2UR1MF",
      "challengeData": {
        "client": "Archibold Huxley III",
        "company": "Rupture Farms",
        "numFoodA": 15,
        "type": "baby_rammus",
        "description": "Dear Friend! I have 15 BROCCOLI. Please send me the exact number of BABY RAMS to eat all my food!",
        "reward": 200
      },
      "serializedTutorial": {
        "__type": "ActionGroup",
        "serializedActions": [
          {
            "__type": "WaitForCondition",
            "conditions": [
              {
                "__type": "SignalCondition",
                "signalName": "mailOpened"
              }
            ]
          },
          {
            "__type": "ShowAssistantDialogueAction",
            "text": "Ah, a tricky one. This order is *reversed* - they want you to ship *enough rammuses for their food*."
          },
          {
            "__type": "WaitForCondition",
            "conditions": [
              {
                "__type": "SignalCondition",
                "signalName": "orderStarted"
              }
            ]
          },
          {
            "__type": "HideAssistantDialogueAction"
          }
        ]
      }      
    }, 
    {
      "__type": "DoPenChallengeAction",
      "challengeId": "T1.04",
      "problemType": "2UR1MC",
      "challengeData": {
        "creatureType": "baby_rammus",
        "numCreatures": 30,
        "creatureWidth": 2,
        "bottomDraggable":true,
        "topDraggable":true,
        "leftDraggable":true       
      }      
    },           
    {
      "__type": "DoBonusRoundAction",
      "data": [
        {
          "creatureType": "baby_rammus",
          "numCreatures": 3,
          "numFood": 10,
          "displayMode": "spritesOnly",
          "problemType": "CF"
        },
        {
          "creatureType": "baby_rammus",
          "numCreatures": 2,
          "numFood": 6,
          "displayMode": "spritesOnly",
          "problemType": "CE"
        },
        {
          "creatureType": "baby_rammus",
          "numCreatures": 4,
          "numFood": 11,
          "displayMode": "numbersOnly",
          "problemType": "CC"
        }
      ]
    }
  ],
  "reviewChallenges": {
    "baby_ram_pen": [
    {
      "__type": "DoPenChallengeAction",
      "challengeId": "T1.02b",
      "problemType": "2UR1MC",
      "challengeData": {
        "creatureType": "baby_rammus",
        "numCreatures": 4,
        "bottomDraggable":true,
        "topDraggable":true,
        "leftDraggable":true
      }
    }
    ]
  },
  "funChallenges": [],
  "backgroundOrders": []
}