{
  "progression": [
    {
     "__type": "DoPenChallengeAction",
     "challengeId": "T1.07a",
     "problemType": "2US_intro_baby_unifox",
     "challengeData": {
        "creatureType": "baby_unifox",
        "numCreatures": 2,
        "maxHeight": 1,
        "creatureWidth": 2
      },
      "serializedTutorial": {
        "__type": "ActionGroup",
        "serializedActions": [
          {
            "__type": "ShowAssistantDialogueAction",
            "text": "Feeding those rams has attracted some shy unifoxi! *Unifoxi* will only eat in the pen, together. Try to feed these some *strawberries.*"
          },
          {
            "__type": "WaitForCondition",
            "conditions": [
              {
                "__type": "SignalCondition",
                "signalName": "penFoodTypeSet"
              }
            ]
          },
          {
            "__type": "HideAssistantDialogueAction"
          }
        ]
      }
    },
    {
     "__type": "DoPenChallengeAction",
     "challengeId": "1.05b",
     "problemType": "2US1NC",
     "reviewKey": "start",
     "challengeData": {
        "creatureType": "baby_unifox",
        "numCreatures": 11,
        "bottomDraggable":true,
        "topDraggable":true,
        "leftDraggable":true
      }
    },
    {
    "__type": "DoBonusRoundAction",
    "data": [
        {
          "creatureType": "baby_unifox",
          "numCreatures": 2,
          "numFood": 7,
          "displayMode": "spritesOnly",
          "problemType": "F"
        },
        {
          "creatureType": "baby_unifox",
          "numCreatures": 5,
          "numFood": 20,
          "displayMode": "numbersOnly",
          "problemType": "CE"
        },
        {
          "creatureType": "baby_unifox",
          "numCreatures": 6,
          "numFood": 22,
          "displayMode": "numbersOnly",
          "problemType": "CC"
        }
      ]
    },
    {
      "__type": "RandomSelectionGroup",
      "possibilities": [
        {
          "__type": "DoOrderChallengeAction",
          "challengeId": "1.09a",
          "problemType": "2US2NF",
          "reviewKey": "middle",
          "challengeData": {
            "client": "Archibold Huxley III",
            "creatureType": "baby_unifox",
            "numFoodA": 52,
            "description": "Dear Friend! I have 52 STRAWBERRIES. Please send me the exact number of BABY UNIFOXES to eat all my food!",
            "reward": 200
          }
        },
        {
          "__type": "DoOrderChallengeAction",
          "challengeId": "1.08",
          "problemType": "2US1NC",
          "reviewKey": "middle",
          "challengeData": {
            "client": "Archibold Huxley III",
            "creatureType": "baby_unifox",
            "numCreatures": 15,
            "description": "Dear Friend! I have 15 BABY UNIFOXES. Please send me enough food for all of them!",
            "reward": 200
          }
        },
        {
          "__type": "DoOrderChallengeAction",
          "challengeId": "1.07a",
          "problemType": "2US2MF",
          "reviewKey": "middle",
          "challengeData": {
            "client": "Archibold Huxley III",
            "creatureType": "baby_unifox",
            "numFoodA": 32,
            "description": "Dear Friend! I have 32 STRAWBERRIES. Please send me the exact number of BABY UNIFOXES to eat all my food!",
            "reward": 200,
            "creatureWidth": 2
          }
        }
      ]
    },
    {
      "__type": "DoOrderChallengeAction",
      "challengeId": "1.06",
      "problemType": "2UR1MF",
      "challengeData": {
          "client": "Archibold Huxley III",
          "creatureType": "baby_rammus",
          "numFoodA": 24,
          "description": "Dear Friend! I have 24 BROCCOLI. Please send me the exact number of BABY RAMS to eat all my food!",
          "reward": 200
        },
      "boss": true,
      "reviewKeyForFailure": "middle"
    },
    {
    "__type": "DoBonusRoundAction",
    "data": [
        {
          "creatureType": "baby_rammus",
          "numCreatures": 3,
          "numFood": 9,
          "displayMode": "spritesOnly",
          "problemType": "CE"
        },
        {
          "creatureType": "baby_unifox",
          "numCreatures": 3,
          "numFood": 8,
          "displayMode": "spritesOnly",
          "problemType": "C"
        },
        {
          "creatureType": "baby_unifox",
          "numCreatures": 4,
          "numFood": 17,
          "displayMode": "numbersOnly",
          "problemType": "CF"
        }
      ]
    }
  ],
  "reviewChallenges": {
    "middle": [
      {
       "__type": "DoOrderChallengeAction",
       "challengeId": "1.07b",
       "problemType": "2US2MF",
       "challengeData": {
          "client": "Archibold Huxley III",
          "creatureType": "baby_unifox",
          "numFoodA": 48,
          "description": "Dear Friend! I have 48 STRAWBERRIES. Please send me the exact number of BABY UNIFOXES to eat all my food!",
          "reward": 200,
          "creatureWidth": 2
        }
      },
      {
      "__type": "RandomSelectionGroup",
      "possibilities": [
        {
         "__type": "DoPenChallengeAction",
         "challengeId": "1.05c",
         "problemType": "2US1NC",
         "challengeData": {
            "creatureType": "baby_unifox",
            "numCreatures": 13,
            "bottomDraggable": true,
            "topDraggable": true,
            "leftDraggable": true
          }
        },
        {
         "__type": "DoPenChallengeAction",
         "challengeId": "1.05a",
         "problemType": "2US1NC",
         "challengeData": {
            "creatureType": "baby_unifox",
            "numCreatures": 7,
            "bottomDraggable": true,
            "topDraggable": true,
            "leftDraggable": true
          }
        }
      ]
      },
      {
        "__type": "DoOrderChallengeAction",
        "challengeId": "1.04a",
        "problemType": "2US1MC",
        "challengeData": {
          "client": "Archibold Huxley III",
          "creatureType": "baby_unifox",
          "numCreatures": 8,
          "description": "Dear Friend! I have 8 BABY UNIFOXES. Please send me enough food for all of them!",
          "reward": 200,
          "creatureWidth": 2
        }
      }
    ],
    "start": [
      {
        "__type": "RandomSelectionGroup",
        "possibilities": [
          {
            "__type": "DoOrderChallengeAction",
            "challengeId": "1.03a",
            "problemType": "2UR1MC",
            "challengeData": {
              "client": "Archibold Huxley III",
              "creatureType": "baby_rammus",
              "numCreatures": 7,
              "description": "Dear Friend! I have 7 BABY RAMS. Please send me enough food for all of them!",
              "reward": 200
            }
          },
          {
            "__type": "DoOrderChallengeAction",
            "challengeId": "1.03c",
            "problemType": "2UR1MC",
            "challengeData": {
              "client": "Archibold Huxley III",
              "creatureType": "baby_rammus",
              "numCreatures": 13,
              "description": "Dear Friend! I have 13 BABY RAMS. Please send me enough food for all of them!",
              "reward": 200
            }
          }
        ]
      },
      {
        "__type": "RandomSelectionGroup",
        "possibilities": [
          {
            "__type": "DoPenChallengeAction",
            "challengeId": "1.02c",
            "problemType": "2US1MC",
            "challengeData": {
              "creatureType": "baby_unifox",
              "numCreatures": 14,
              "bottomDraggable": true,
              "topDraggable": true,
              "leftDraggable": true,
              "maxHeight": 7,
              "creatureWidth": 2
            }
          },
          {
           "__type": "DoPenChallengeAction",
           "challengeId": "1.02b",
           "problemType": "2US1MC",
           "challengeData": {
              "creatureType": "baby_unifox",
              "numCreatures": 12,
              "bottomDraggable": true,
              "topDraggable": true,
              "leftDraggable": true,
              "maxHeight": 6,
              "creatureWidth": 2
            }
          }
        ]
      },
      {
        "__type": "RandomSelectionGroup",
        "possibilities": [
          {
           "__type": "DoPenChallengeAction",
           "challengeId": "1.01b",
           "problemType": "2UR1MC",
           "challengeData": {
              "creatureType": "baby_rammus",
              "numCreatures": 9,
              "bottomDraggable": true,
              "topDraggable": true,
              "leftDraggable": true,
              "maxHeight": 9
            }
          },
          {
           "__type": "DoPenChallengeAction",
           "challengeId": "1.01a",
           "problemType": "2UR1MC",
           "challengeData": {
              "creatureType": "baby_rammus",
              "numCreatures": 5,
              "bottomDraggable": true,
              "topDraggable": true,
              "leftDraggable": true,
              "maxHeight": 5
            }
          }
        ]
      } 
    ]
  },
  "funChallenges": [

  ],
  "backgroundOrders": [
    {
      "orderId": "1.09b",
      "problemType": "2US2NF",
      "orderData": {
        "client": "Archibold Huxley III",
        "creatureType": "baby_unifox",
        "numFoodA": 68,
        "description": "Dear Friend! I have 68 STRAWBERRIES. Please send me the exact number of BABY UNIFOXES to eat all my food!",
        "reward": 200
      }
    },
    {
      "orderId": "1.04b",
      "problemType": "2US1MC",
      "orderData": {
        "client": "Archibold Huxley III",
        "creatureType": "baby_unifox",
        "numCreatures": 18,
        "description": "Dear Friend! I have 18 BABY UNIFOXES. Please send me enough food for all of them!",
        "reward": 200,
        "creatureWidth": 2
      }
    },
    {
      "orderId": "1.03b.md",
      "problemType": "2UR1MC",
      "orderData": {
        "client": "Archibold Huxley III",
        "creatureType": "baby_rammus",
        "numCreatures": 10,
        "description": "Dear Friend! I have 10 BABY RAMS. Please send me enough food for all of them!",
        "reward": 200
      }
    }
  ]
}