{
  "progression": [
    {
     "_comment": "============ ******************************** THIS IS WHERE PROGRESSION BEGINS ******************************** ==============",  
     "__type": "DoFeedingChallengeAction",
     "challengeId": "T2.01",
     "problemType": "3UR_intro_adult_rammus",
     "challengeData": {
        "creatureType": "rammus",
        "numCreatures": 1,
        "centered": true
    },
      "serializedTutorial": {
        "__type": "ActionGroup",
        "serializedActions": [
          {
            "__type": "ShowAssistantDialogueAction",
            "text": "One of the rammuses has *grown up*. It now needs *two* kinds of food. See if you can *feed it.*"
          },
          {
            "__type": "WaitForCondition",
            "conditions": [
              {
                "__type": "SignalCondition",
                "signalName": "creatureEats"
              }
            ]
          },
          {
            "__type": "ShowAssistantDialogueAction",
            "text": "That's it! But it wants *two kinds of food*. What else might it want?"
          }
        ]
      } 
    },   
    {
     "__type": "DoPenChallengeAction",
     "challengeId": "2.01c",
     "problemType": "3UR1MC",
     "reviewKey": "start",
     "challengeData": {
        "creatureType": "rammus",
        "numCreatures": 14,
        "bottomDraggable": true,
        "topDraggable": true,
        "leftDraggable": true
      }
    },
    {
      "__type": "DoBonusRoundAction",
      "data": [
        {
          "creatureType": "rammus",
          "numCreatures": 1,
          "numFood": [2,5],
          "displayMode": "spritesOnly",
          "problemType": "F"
        },
        {
          "creatureType": "rammus",
          "numCreatures": 4,
          "numFood": [12,20],
          "displayMode": "numbersOnly",
          "problemType": "CE"
        },
        {
          "creatureType": "rammus",
          "numCreatures": 2,
          "numFood": [6,9],
          "displayMode": "numbersOnly",
          "problemType": "CC"
        }
      ]
    },
    {
      "__type": "RandomSelectionGroup",
      "possibilities": [
        {
          "__type": "DoOrderChallengeAction",
          "challengeId": "2.05a",
          "problemType": "3UR2MTa",
          "reviewKey": "middle",
          "challengeData": {
            "client": "Archibold Huxley III",
            "creatureType": "rammus",
            "totalNumFood": 112,
            "noFoodEntries": true,
            "description": "Dear Friend! I have 112 TOTAL FOOD. Please send me the exact number of ADULT RAMMUSES to eat all my food!",
            "reward": 200
          }
        },
        {
          "__type": "DoOrderChallengeAction",
          "challengeId": "2.06b",
          "problemType": "3UR2MTb",
          "reviewKey": "middle",
          "challengeData": {
            "client": "Archibold Huxley III",
            "creatureType": "rammus",
            "totalNumFood": 184,
            "description": "Dear Friend! I have 184 TOTAL FOOD. Please send me the exact number of ADULT RAMMUSES to eat all my food! How much of each food type do I have?",
            "reward": 200
          }
        },
        {
          "__type": "DoOrderChallengeAction",
          "challengeId": "2.04b",
          "problemType": "3UR2MF",
          "reviewKey": "middle",
          "challengeData": {
            "client": "Archibold Huxley III",
            "creatureType": "rammus",
            "numFoodB": 130,
            "description": "Dear Friend! I have 130 TINCANS. Please send me the exact number of ADULT RAMMUSES to eat all my food!",
            "reward": 200
          }
        }
      ]
    },
    {
      "__type": "DoOrderChallengeAction",
      "challengeId": "2.05",
      "problemType": "3UR2MF",
      "challengeData": {
          "client": "Archibold Huxley III",
          "creatureType": "rammus",
          "numFoodA": 48,
          "description": "Dear Friend! I have 48 BROCCOLI. Please send me the exact number of ADULT RAMMUSES to eat all my food!",
          "reward": 200
        },
      "boss": true,
      "reviewKeyForFailure": "middle"
    },
    {
    "__type": "DoBonusRoundAction",
    "data": [
        {            
          "creatureType": "rammus",
          "numCreatures": 3,
          "numFood": [10,15],
          "displayMode": "numbersOnly",
          "problemType": "CF"
        },
        {
          "creatureType": "rammus",
          "numCreatures": 2,
          "numFood": [3,5],
          "displayMode": "spritesOnly",
          "problemType": "C"
        },
        {
          "creatureType": "rammus",
          "numCreatures": 4,
          "numFood": [12,18],
          "displayMode": "numbersOnly",
          "problemType": "CC"
        }
      ]
    }
  ],
  "reviewChallenges": {
    "_comment": "============ ******************************** THIS IS WHERE REVIEW CHALLENGES BEGIN ******************************** ==============",    
    "middle": [
      {
      "_comment": "============ ******************************** THE MIDDLE SET OF REVIEW PROBLEMS ******************************** ==============",
      "__type": "RandomSelectionGroup",
      "possibilities": [
      {         
       "__type": "DoOrderChallengeAction",
       "challengeId": "2.06a",
       "problemType": "3UR2MTb",
       "challengeData": {
          "client": "Archibold Huxley III",
          "creatureType": "rammus",
          "totalNumFood": 120,
          "description": "Dear Friend! I have 120 TOTAL FOOD. Please send me the exact number of ADULT RAMMUSES to eat all my food! How much of each food type do I have?",
          "reward": 200
        }
      },
      {         
       "__type": "DoOrderChallengeAction",
       "challengeId": "2.05b",
       "problemType": "3UR2MTa",
       "challengeData": {
          "client": "Archibold Huxley III",
          "creatureType": "rammus",
          "totalNumFood": 136,
          "noFoodEntries": true,
          "description": "Dear Friend! I have 120 TOTAL FOOD. Please send me the exact number of ADULT RAMMUSES to eat all my food!",
          "reward": 200
        }
      }
      ]
      },
      {
      "__type": "RandomSelectionGroup",
      "possibilities": [
        {
         "__type": "DoOrderChallengeAction",
         "challengeId": "2.04a",
         "problemType": "3UR2MF",
         "challengeData": {
            "client": "Archibold Huxley III",
            "creatureType": "rammus",
            "numFoodB": 65,
          "description": "Dear Friend! I have 65 TINCANS. Please send me the exact number of ADULT RAMMUSES to eat all my food!",
          "reward": 200
          }
        },
        {
         "__type": "DoOrderChallengeAction",
         "challengeId": "2.03b",
         "problemType": "3UR2MF",
         "challengeData": {
            "client": "Archibold Huxley III",
            "creatureType": "rammus",
            "numFoodA": 54,
          "description": "Dear Friend! I have 54 BROCCOLI. Please send me the exact number of ADULT RAMMUSES to eat all my food!",
          "reward": 200
          }
        }
      ]
    }
    ],
    "start": [
      {
       "_comment": "============ ******************************** THE STARTING SET OF REVIEW PROBLEMS ******************************** ==============",         
        "__type": "RandomSelectionGroup",
        "possibilities": [
          {
            "__type": "DoOrderChallengeAction",
            "challengeId": "2.02a",
            "problemType": "3UR2MC",
            "challengeData": {
              "client": "Archibold Huxley III",
              "creatureType": "rammus",
              "numCreatures": 15,
              "description": "Dear Friend! I have 15 ADULT RAMMUSES. Please send me enough food for all of them!",
              "reward": 200
            }
          },
          {
            "__type": "DoOrderChallengeAction",
            "challengeId": "2.02c",
            "problemType": "3UR2MC",
            "challengeData": {
              "client": "Archibold Huxley III",
              "creatureType": "rammus",
              "numCreatures": 22,
              "description": "Dear Friend! I have 22 ADULT RAMMUSES. Please send me enough food for all of them!",
              "reward": 200
            }
          }
        ]
      },
      {
        "__type": "RandomSelectionGroup",
        "possibilities": [
          {
           "__type": "DoPenChallengeAction",
           "challengeId": "2.01b",
           "problemType": "3UR1MC",
           "challengeData": {
              "creatureType": "rammus",
              "numCreatures": 10,
              "bottomDraggable": true,
              "topDraggable": true,
              "leftDraggable": true
            }
          },
          {
           "__type": "DoPenChallengeAction",
           "challengeId": "2.01a",
           "problemType": "3UR1MC",
           "challengeData": {
              "creatureType": "rammus",
              "numCreatures": 8,
              "bottomDraggable": true,
              "topDraggable": true,
              "leftDraggable": true
            }
          }
        ]
      } 
    ]
  },
  "funChallenges": [
    
  ],
  "backgroundOrders": [
    {
       "_comment": "============ ******************************** THIS IS WHERE BACKGROUND ORDERS BEGIN ******************************** ==============",    
      "orderId": "2.06c",
      "problemType": "3UR2MTb",
      "orderData": {
        "client": "Archibold Huxley III",
        "creatureType": "rammus",
        "totalNumFood": 216,
        "description": "Dear Friend! I have 216 TOTAL FOOD. Please send me the exact number of ADULT RAMMUSES to eat all my food! How much of each food type do I have?",
        "reward": 200
      }
    },
    {  
      "orderId": "2.05c",
      "problemType": "3UR2MTa",
      "orderData": {
        "client": "Archibold Huxley III",
        "creatureType": "rammus",
        "totalNumFood": 192,
        "noFoodEntries": true,
        "description": "Dear Friend! I have 192 TOTAL FOOD. Please send me the exact number of ADULT RAMMUSES to eat all my food! How much of each food type do I have?",
        "reward": 200
      }
    },
    {  
      "orderId": "2.04c",
      "problemType": "3UR2MF",
      "orderData": {
        "client": "Archibold Huxley III",
        "creatureType": "rammus",
        "numFoodB": 95,
        "description": "Dear Friend! I have 95 TINCANS. Please send me the exact number of ADULT RAMMUSES to eat all my food!",
        "reward": 200
      }
    },
    {
      "orderId": "2.02b",
      "problemType": "3UR2MC",
      "orderData": {
        "client": "Archibold Huxley III",
        "creatureType": "rammus",
        "numCreatures": 17,
        "description": "Dear Friend! I have 17 ADULT RAMMUSES. Please send me enough food for all of them!",
        "reward": 200
      }
    }
  ]
}