{
  "progression": [
    {
     "_comment": "============ ******************************** THIS IS WHERE PROGRESSION BEGINS ******************************** ==============",      
     "__type": "DoPenChallengeAction",
     "challengeId": "T3.01a",
     "problemType": "2BR_intro_baby_bird",
     "challengeData": {
        "creatureType": "baby_bird",
        "numCreatures": 3,
        "leftDraggable": true
      }
    },
    {
     "__type": "DoPenChallengeAction",
     "challengeId": "3.01b",
     "problemType": "2BR1MC",
     "reviewKey": "start",
     "challengeData": {
        "creatureType": "baby_bird",
        "numCreatures": 18,
        "bottomDraggable": true,
        "topDraggable": true,
        "leftDraggable": true
      }
    },
    {
    "__type": "DoBonusRoundAction",
    "data": [
        {
          "creatureType": "baby_bird",
          "numCreatures": 2,
          "numFood": 4,
          "displayMode": "spritesOnly",
          "problemType": "C"
        },
        {
          "creatureType": "baby_bird",
          "numCreatures": 9,
          "numFood": 12,
          "displayMode": "numbersOnly",
          "problemType": "CE"
        },
        {
          "creatureType": "baby_bird",
          "numCreatures": 2,
          "numFood": 3,
          "displayMode": "spritesOnly",
          "problemType": "CF"
        }
      ]
    },
    {
      "__type": "RandomSelectionGroup",
      "possibilities": [
        {
          "__type": "DoOrderChallengeAction",
          "challengeId": "3.04b",
          "problemType": "2BR2MF",
          "reviewKey": "middle",
          "challengeData": {
            "client": "Archibold Huxley III",
            "creatureType": "baby_bird",
            "numFoodA": 52,
            "description": "Dear Friend! I have 52 MEAT. Please send me the exact number of BABY FLOCKINS to eat all my food!",
            "reward": 200
          }
        }
      ]
    },
    {
      "__type": "DoOrderChallengeAction",
      "_comment": "============ ******************************** EVAN PLZ FIX THESE - BABY BIRD BOSS NEEDED ******************************** ==============",        
      "challengeId": "3.04d",
      "problemType": "2BR2MF",
      "challengeData": {
          "client": "Archibold Huxley III",
          "creatureType": "baby_bird",
          "numFoodA": 104,
          "description": "Dear Friend! I have 104 MEAT. Please send me the exact number of BABY FLOCKINS to eat all my food!",
          "reward": 200
        },
      "boss": true,
      "reviewKeyForFailure": "middle"
    },
    {
    "__type": "DoBonusRoundAction",
    "data": [
        {        
          "creatureType": "baby_bird",
          "numCreatures": 5,
          "numFood": 7,
          "displayMode": "numbersOnly",
          "problemType": "CF"
        },
        {
          "creatureType": "baby_bird",
          "numCreatures": 3,
          "numFood": 3,
          "displayMode": "spritesOnly",
          "problemType": "F"
        },
        {
          "creatureType": "baby_bird",
          "numCreatures": 4,
          "numFood": 5,
          "displayMode": "numbersOnly",
          "problemType": "CC"
        }
      ]
    }
  ],
  "reviewChallenges": {
    "_comment": "============ ******************************** THIS IS WHERE REVIEW CHALLENGES BEGIN ******************************** ==============",    
    "middle": [
      {
       "_comment": "============ ******************************** THE MIDDLE SET OF REVIEW PROBLEMS ******************************** ==============",        
        "__type": "DoOrderChallengeAction",
        "challengeId": "3.03a",
        "problemType": "2BR1MF",
        "challengeData": {
          "client": "Archibold Huxley III",
          "creatureType": "baby_bird",
          "numFoodA": 44,
          "description": "Dear Friend! I have 44 MEAT. Please send me the exact number of BABY FLOCKINS to eat all my food!",
          "reward": 200,
          "creatureWidth": 3
        }
      },
      {
        "__type": "DoOrderChallengeAction",
        "challengeId": "3.02b",
        "problemType": "2BR2MC",
        "challengeData": {
          "client": "Archibold Huxley III",
          "creatureType": "baby_bird",
          "numCreatures": 30,
          "description": "Dear Friend! I have 30 BABY FLOCKINS. Please send me enough food for all of them!",
          "reward": 200,
          "creatureWidth": 3
        }
      }
    ],
    "start": [
      {
        "_comment": "============ ******************************** THE STARTING SET OF REVIEW PROBLEMS ******************************** ==============",         
        "__type": "RandomSelectionGroup",
        "possibilities": [
          {
            "__type": "DoPenChallengeAction",
            "challengeId": "3.01a",
            "problemType": "2BR1MC",
            "challengeData": {
              "bottomDraggable": true,
              "topDraggable": true,
              "leftDraggable": true,
              "creatureType": "baby_bird",
              "numCreatures": 12,
              "creatureWidth": 3
            }
          },
          {
            "__type": "DoPenChallengeAction",
            "challengeId": "3.01c",
            "problemType": "2BR1MC",
            "challengeData": {
              "creatureType": "baby_bird",
              "numCreatures": 27,
              "bottomDraggable": true,
              "topDraggable": true,
              "leftDraggable": true,
              "creatureWidth": 3
            }
          }
        ]
      } 
    ],
    "bird_intro": [

    ]
  },
  "funChallenges": [

  ],
  "backgroundOrders": [
    {
      "_comment": "============ ******************************** THIS IS WHERE BACKGROUND ORDERS BEGIN ******************************** ==============",      
      "orderId": "3.03c",
      "problemType": "2BR2MF",
      "orderData": {
        "client": "Archibold Huxley III",
        "creatureType": "baby_bird",
        "numFoodA": 84,
        "description": "Dear Friend! I have 84 MEAT. Please send me the exact number of BABY FLOCKINS to eat all my food!",
        "reward": 200,
        "creatureWidth": 3
      }
    },
    {
      "orderId": "3.02a",
      "problemType": "2BR1MC",
      "orderData": {
        "client": "Archibold Huxley III",
        "creatureType": "baby_bird",
        "numCreatures": 24,
        "description": "Dear Friend! I have 24 BABY FLOCKINS. Please send me enough food for all of them!",
        "reward": 200,
        "creatureWidth": 3
      }
    }
  ]
}